{"name":"560bc9ef-64d9-44a5-931d-2676f2afd9dc","id":"/providers/Microsoft.Flow/flows/560bc9ef-64d9-44a5-931d-2676f2afd9dc","type":"Microsoft.Flow/flows","properties":{"apiId":"/providers/Microsoft.PowerApps/apis/shared_logicflows","displayName":"Create a new Sales order from Power Automate button","definition":{"metadata":{"workflowEntityId":null,"flowclientsuspensionreason":"None","flowclientsuspensiontime":null,"creator":{"id":"74ccec96-4620-4c89-a66d-506877a61d3c","type":"User","tenantId":"72f988bf-86f1-41af-91ab-2d7cd011db47"},"provisioningMethod":"FromDefinition","failureAlertSubscription":true,"clientLastModifiedTime":"2020-08-24T11:31:17.9911062Z"},"$schema":"https://schema.management.azure.com/providers/Microsoft.Logic/schemas/2016-06-01/workflowdefinition.json#","contentVersion":"1.0.0.0","parameters":{"$connections":{"defaultValue":{},"type":"Object"},"$authentication":{"defaultValue":{},"type":"SecureObject"}},"triggers":{"manual":{"type":"Request","kind":"Button","inputs":{"schema":{"type":"object","properties":{"text":{"title":"Customer account","type":"string","x-ms-dynamically-added":true,"description":"Please enter your input","enum":["US-001","US-002","US-003"],"x-ms-content-hint":"TEXT"},"text_1":{"title":"Customer name","type":"string","x-ms-dynamically-added":true,"description":"Please enter your input","x-ms-content-hint":"TEXT"}},"required":["text","text_1"]}}}},"actions":{"Create_a_new_Sales_order_header":{"runAfter":{},"type":"OpenApiConnection","inputs":{"host":{"apiId":"/providers/Microsoft.PowerApps/apis/shared_dynamicsax","connectionName":"shared_dynamicsax","operationId":"PostItem"},"parameters":{"dataset":"tech-1d0c41d51984305d8devaos.cloudax.dynamics.com","table":"SalesOrderHeadersV2","item/dataAreaId":"USMF","item/SalesOrderName":"@triggerBody()['text_1']","item/InvoiceCustomerAccountNumber":"@triggerBody()['text']","item/OrderingCustomerAccountNumber":"@triggerBody()['text']"},"authentication":{"value":"@json(decodeBase64(triggerOutputs().headers['X-MS-APIM-Tokens']))['$ConnectionKey']","type":"Raw"}}},"Create_a_new_Sales_order_line":{"runAfter":{"Create_a_new_Sales_order_header":["Succeeded"]},"type":"OpenApiConnection","inputs":{"host":{"apiId":"/providers/Microsoft.PowerApps/apis/shared_dynamicsax","connectionName":"shared_dynamicsax","operationId":"PostItem"},"parameters":{"dataset":"tech-1d0c41d51984305d8devaos.cloudax.dynamics.com","table":"SalesOrderLines","item/dataAreaId":"USMF","item/ItemNumber":"1000","item/ShippingWarehouseId":"11","item/SalesUnitSymbol":"ea","item/OrderedSalesQuantity":100,"item/ShippingSiteId":"1","item/SalesOrderNumber":"@outputs('Create_a_new_Sales_order_header')?['body/SalesOrderNumber']","item/SalesPrice":300},"authentication":{"value":"@json(decodeBase64(triggerOutputs().headers['X-MS-APIM-Tokens']))['$ConnectionKey']","type":"Raw"}}}},"description":"Create a new Sales order from Power Automate button"},"connectionReferences":{"shared_dynamicsax":{"connectionName":"shared-dynamicsax-124627ae-a550-4fc1-a5ce-6d34932bed19","source":"Invoker","id":"/providers/Microsoft.PowerApps/apis/shared_dynamicsax","tier":"NotSpecified"}},"flowFailureAlertSubscribed":false}}