{"name":"6657ffa8-e664-4e49-a4a9-3f3af9645a8b","id":"/providers/Microsoft.Flow/flows/6657ffa8-e664-4e49-a4a9-3f3af9645a8b","type":"Microsoft.Flow/flows","properties":{"apiId":"/providers/Microsoft.PowerApps/apis/shared_logicflows","displayName":"Notify to MS Team when alert occur","definition":{"metadata":{"workflowEntityId":null,"flowclientsuspensionreason":"None","flowclientsuspensiontime":null,"creator":{"id":"74ccec96-4620-4c89-a66d-506877a61d3c","type":"User","tenantId":"72f988bf-86f1-41af-91ab-2d7cd011db47"},"provisioningMethod":"FromDefinition","failureAlertSubscription":true,"clientLastModifiedTime":"2020-08-22T07:32:51.5650658Z"},"$schema":"https://schema.management.azure.com/providers/Microsoft.Logic/schemas/2016-06-01/workflowdefinition.json#","contentVersion":"1.0.0.0","parameters":{"$connections":{"defaultValue":{},"type":"Object"},"$authentication":{"defaultValue":{},"type":"SecureObject"}},"triggers":{"When_a_Business_Event_occurs":{"type":"OpenApiConnectionWebhook","inputs":{"host":{"apiId":"/providers/Microsoft.PowerApps/apis/shared_dynamicsax","connectionName":"shared_dynamicsax","operationId":"SubscribeOnABusinessEvent"},"parameters":{"dataset":"tech-1d0c41d51984305d8devaos.cloudax.dynamics.com","businesseventcategory":"Alerts","businessevent":"BusinessEventsAlertEvent","legalEntity":"USMF"},"authentication":"@parameters('$authentication')"}}},"actions":{"Parse_JSON":{"runAfter":{},"type":"ParseJson","inputs":{"content":"@triggerOutputs()?['body']","schema":{"type":"object","properties":{"BusinessEventId":{"type":"string"},"ControlNumber":{"type":"integer"},"DataAreaId":{"type":"string"},"Email":{"type":"string"},"EventId":{"type":"string"},"EventTime":{"type":"string"},"FieldId":{"type":"integer"},"FieldLabel":{"type":"string"},"FieldName":{"type":"string"},"KeyValue1":{"type":"string"},"KeyValue2":{"type":"string"},"Link":{"type":"string"},"MajorVersion":{"type":"integer"},"Message":{"type":"string"},"MessageDetails":{"type":"string"},"MinorVersion":{"type":"integer"},"ParentTableId":{"type":"integer"},"RuleId":{"type":"string"},"Subject":{"type":"string"},"TableId":{"type":"integer"},"TableLabel":{"type":"string"},"TableName":{"type":"string"},"TypeTrigger":{"type":"string"},"UserId":{"type":"string"}}}}},"Post_a_message_(V3)":{"runAfter":{"Parse_JSON":["Succeeded"]},"type":"OpenApiConnection","inputs":{"host":{"apiId":"/providers/Microsoft.PowerApps/apis/shared_teams","connectionName":"shared_teams","operationId":"PostMessageToChannelV3"},"parameters":{"groupId":"e679d207-6607-467e-8f23-3fb4cdd52f9d","channelId":"19:f36d5e3463ff4655b6225b1151e131fd@thread.tacv2","body/body/content":"<p>Dear Team,<br>\n<br>\nWe got alert from Dynamics 365 Finance as below :<br>\n<br>\nTable : @{body('Parse_JSON')?['TableName']}, Field : @{body('Parse_JSON')?['FieldName']}<br>\nKey 1 : @{body('Parse_JSON')?['KeyValue1']}, Key 2 : @{body('Parse_JSON')?['KeyValue2']}<br>\nMessage : @{body('Parse_JSON')?['Message']}, User ID : @{body('Parse_JSON')?['UserId']}<br>\nRule ID : @{body('Parse_JSON')?['RuleId']}<br>\n</p>"},"authentication":"@parameters('$authentication')"}}}},"connectionReferences":{"shared_dynamicsax":{"connectionName":"shared-dynamicsax-124627ae-a550-4fc1-a5ce-6d34932bed19","source":"Embedded","id":"/providers/Microsoft.PowerApps/apis/shared_dynamicsax","tier":"NotSpecified"},"shared_teams":{"connectionName":"shared-teams-316b199c-dc0e-4ad6-8234-68a7360d0afc","source":"Embedded","id":"/providers/Microsoft.PowerApps/apis/shared_teams","tier":"NotSpecified"}},"flowFailureAlertSubscribed":false}}