{"name":"2b4f535d-c47d-4ec6-a512-4b1a212a8ccb","id":"/providers/Microsoft.Flow/flows/2b4f535d-c47d-4ec6-a512-4b1a212a8ccb","type":"Microsoft.Flow/flows","properties":{"apiId":"/providers/Microsoft.PowerApps/apis/shared_logicflows","displayName":"Call API","definition":{"metadata":{"workflowEntityId":null,"flowclientsuspensionreason":"None","flowclientsuspensiontime":null,"creator":{"id":"74ccec96-4620-4c89-a66d-506877a61d3c","type":"User","tenantId":"72f988bf-86f1-41af-91ab-2d7cd011db47"},"provisioningMethod":"FromDefinition","failureAlertSubscription":true,"clientLastModifiedTime":"2020-09-21T11:52:44.5801516Z"},"$schema":"https://schema.management.azure.com/providers/Microsoft.Logic/schemas/2016-06-01/workflowdefinition.json#","contentVersion":"1.0.0.0","parameters":{"$authentication":{"defaultValue":{},"type":"SecureObject"}},"triggers":{"manual":{"type":"Request","kind":"Button","inputs":{"schema":{"type":"object","properties":{},"required":[]}}}},"actions":{"HTTP_-_Get_Token":{"runAfter":{},"type":"Http","inputs":{"method":"POST","uri":"https://trackapi.thailandpost.co.th/post/api/v1/authenticate/token","headers":{"Authorization":"Token FTFGK^GFDPY8JwMGC7EwEZOeGAAVRGJALfU~C$B*PeJTX$W:KwI5AOM#OeKNDmArY0TFKGB~F;VJHFEkNuVUBtV.N+Y8NoG0D6Fu","Content-Type":"application/json"}}},"Parse_JSON":{"runAfter":{"HTTP_-_Get_Token":["Succeeded"]},"type":"ParseJson","inputs":{"content":"@body('HTTP_-_Get_Token')","schema":{"type":"object","properties":{"expire":{"type":"string"},"token":{"type":"string"}}}}},"HTTP_-_Get_contents":{"runAfter":{"Parse_JSON":["Succeeded"]},"type":"Http","inputs":{"method":"POST","uri":"https://trackapi.thailandpost.co.th/post/api/v1/track","headers":{"Authorization":"Token @{body('Parse_JSON')?['token']}","Content-Type":"application/json"},"body":{"status":"all","language":"TH","barcode":["EF582568151TH"]}}},"Parse_JSON_2":{"runAfter":{"HTTP_-_Get_contents":["Succeeded"]},"type":"ParseJson","inputs":{"content":"@body('HTTP_-_Get_contents')","schema":{"type":"object","properties":{"response":{"type":"object","properties":{"items":{"type":"object","properties":{"EF582568151TH":{"type":"array","items":{"type":"object","properties":{"barcode":{"type":"string"},"status":{"type":"string"},"status_description":{"type":"string"},"status_date":{"type":"string"},"location":{"type":"string"},"postcode":{"type":"string"},"delivery_status":{},"delivery_description":{},"delivery_datetime":{},"receiver_name":{},"signature":{}},"required":["barcode","status","status_description","status_date","location","postcode","delivery_status","delivery_description","delivery_datetime","receiver_name","signature"]}}}},"track_count":{"type":"object","properties":{"track_date":{"type":"string"},"count_number":{"type":"integer"},"track_count_limit":{"type":"integer"}}}}},"message":{"type":"string"},"status":{"type":"boolean"}}}}}}},"connectionReferences":{},"flowFailureAlertSubscribed":false}}