{"name":"0fc172b7-1185-49fa-a6b0-dbb5b954b68b","id":"/providers/Microsoft.Flow/flows/0fc172b7-1185-49fa-a6b0-dbb5b954b68b","type":"Microsoft.Flow/flows","properties":{"apiId":"/providers/Microsoft.PowerApps/apis/shared_logicflows","displayName":"Get tracking status","definition":{"metadata":{"workflowEntityId":null,"flowclientsuspensionreason":"None","flowclientsuspensiontime":null,"creator":{"id":"74ccec96-4620-4c89-a66d-506877a61d3c","type":"User","tenantId":"72f988bf-86f1-41af-91ab-2d7cd011db47"},"provisioningMethod":"FromDefinition","failureAlertSubscription":true,"clientLastModifiedTime":"2020-09-21T15:49:47.3701658Z"},"$schema":"https://schema.management.azure.com/providers/Microsoft.Logic/schemas/2016-06-01/workflowdefinition.json#","contentVersion":"1.0.0.0","parameters":{"$authentication":{"defaultValue":{},"type":"SecureObject"}},"triggers":{"manual":{"type":"Request","kind":"PowerApp","inputs":{"schema":{"type":"object","properties":{"HTTP2_Body":{"type":"any","description":"Enter request content. This parameter is used as part of \"AC722895-7C57-40D4-A290-77DD5F836677\"","x-ms-powerflows-param-ispartial":true}},"required":["HTTP2_Body"]}}}},"actions":{"HTTP":{"runAfter":{},"type":"Http","inputs":{"method":"POST","uri":"https://trackapi.thailandpost.co.th/post/api/v1/authenticate/token","headers":{"Authorization":"Token FTFGK^GFDPY8JwMGC7EwEZOeGAAVRGJALfU~C$B*PeJTX$W:KwI5AOM#OeKNDmArY0TFKGB~F;VJHFEkNuVUBtV.N+Y8NoG0D6Fu","Content-Type":"application/json"}}},"Parse_JSON":{"runAfter":{"HTTP":["Succeeded"]},"type":"ParseJson","inputs":{"content":"@body('HTTP')","schema":{"type":"object","properties":{"expire":{"type":"string"},"token":{"type":"string"}}}}},"HTTP_2":{"runAfter":{"Parse_JSON":["Succeeded"]},"type":"Http","inputs":{"method":"POST","uri":"https://trackapi.thailandpost.co.th/post/api/v1/track","headers":{"Authorization":"Token @{body('Parse_JSON')?['token']}","Content-Type":"application/json"},"body":{"status":"all","language":"TH","barcode":["@{triggerBody()['HTTP2_Body']}"]}}},"Parse_JSON_2":{"runAfter":{"HTTP_2":["Succeeded"]},"type":"ParseJson","inputs":{"content":"@body('HTTP_2')","schema":{"type":"object","properties":{"response":{"type":"object","properties":{"items":{"type":"object","properties":{"EF582568151TH":{"type":"array","items":{"type":"object","properties":{"barcode":{"type":"string"},"status":{"type":"string"},"status_description":{"type":"string"},"status_date":{"type":"string"},"location":{"type":"string"},"postcode":{"type":"string"},"delivery_status":{},"delivery_description":{},"delivery_datetime":{},"receiver_name":{},"signature":{}},"required":["barcode","status","status_description","status_date","location","postcode","delivery_status","delivery_description","delivery_datetime","receiver_name","signature"]}}}},"track_count":{"type":"object","properties":{"track_date":{"type":"string"},"count_number":{"type":"integer"},"track_count_limit":{"type":"integer"}}}}},"message":{"type":"string"},"status":{"type":"boolean"}}}}},"Initialize_variable":{"runAfter":{"Parse_JSON_2":["Succeeded"]},"type":"InitializeVariable","inputs":{"variables":[{"name":"StatusList","type":"string"}]}},"Respond_to_a_PowerApp_or_flow":{"runAfter":{"Apply_to_each":["Succeeded"]},"type":"Response","kind":"PowerApp","inputs":{"statusCode":200,"body":{"finallist":"@variables('StatusList')"},"schema":{"type":"object","properties":{"finallist":{"title":"FinalList","x-ms-dynamically-added":true,"type":"string"}}}}},"Apply_to_each":{"foreach":"@body('Parse_JSON_2')?['response']?['items']?['EF582568151TH']","actions":{"Append_to_string_variable":{"runAfter":{},"type":"AppendToStringVariable","inputs":{"name":"StatusList","value":"|EMS Number : @{items('Apply_to_each')?['barcode']}, Status : @{items('Apply_to_each')?['status_description']}, Date : @{items('Apply_to_each')?['status_date']}"}}},"runAfter":{"Initialize_variable":["Succeeded"]},"type":"Foreach"}}},"connectionReferences":{},"flowFailureAlertSubscribed":false}}