{"name":"62a51567-8e23-4eea-8202-92948b3e301b","id":"/providers/Microsoft.Flow/flows/62a51567-8e23-4eea-8202-92948b3e301b","type":"Microsoft.Flow/flows","properties":{"apiId":"/providers/Microsoft.PowerApps/apis/shared_logicflows","displayName":"Process Vendor Invoice","definition":{"metadata":{"workflowEntityId":null,"flowclientsuspensionreason":"None","flowclientsuspensiontime":null,"creator":{"id":"74ccec96-4620-4c89-a66d-506877a61d3c","type":"User","tenantId":"72f988bf-86f1-41af-91ab-2d7cd011db47"},"provisioningMethod":"FromDefinition","failureAlertSubscription":true,"clientLastModifiedTime":"2020-09-09T05:50:22.3884135Z"},"$schema":"https://schema.management.azure.com/providers/Microsoft.Logic/schemas/2016-06-01/workflowdefinition.json#","contentVersion":"1.0.0.0","parameters":{"$connections":{"defaultValue":{},"type":"Object"},"$authentication":{"defaultValue":{},"type":"SecureObject"},"cdsruntimecertificate":{"type":"String"},"cdsruntimecertificatepassword":{"type":"SecureString"}},"triggers":{"When_a_file_is_created":{"recurrence":{"frequency":"Minute","interval":1},"metadata":{"b!NPh36LtfcUmY7M8wHu6UOZDdAhzHtQpIrrc2bGCyDQYd09YqnP77Sp41_bTPajIw.01UKHF2MUFITIYFOY6INEZU3JQL7LJTIKN":"/Temp/Solutions/AIBuilder-FormProcessing/Vendor Invoice"},"type":"OpenApiConnection","inputs":{"host":{"apiId":"/providers/Microsoft.PowerApps/apis/shared_onedriveforbusiness","connectionName":"shared_onedriveforbusiness","operationId":"OnNewFileV2"},"parameters":{"folderId":"b!NPh36LtfcUmY7M8wHu6UOZDdAhzHtQpIrrc2bGCyDQYd09YqnP77Sp41_bTPajIw.01UKHF2MUFITIYFOY6INEZU3JQL7LJTIKN","includeSubfolders":false,"inferContentType":true},"authentication":"@parameters('$authentication')"}}},"actions":{"Process_and_save_information_from_forms":{"runAfter":{},"metadata":{"flowSystemMetadata":{"portalOperationId":"aibuilderpredict_formsprocessing","portalOperationGroup":"aibuilder"}},"type":"OpenApiConnection","inputs":{"host":{"apiId":"/providers/Microsoft.PowerApps/apis/shared_commondataserviceforapps","connectionName":"shared_commondataserviceforapps","operationId":"aibuilderpredict_formsprocessing"},"parameters":{"recordId":"c12057c2-6c6f-4e6a-bb9d-f2c69384304c","item/requestv2/mimeType":"application/pdf","item/requestv2/base64Encoded":"@triggerOutputs()?['body']"},"authentication":"@parameters('$authentication')"}},"Send_an_email_(V2)":{"runAfter":{"Condition":["Succeeded"]},"type":"OpenApiConnection","inputs":{"host":{"apiId":"/providers/Microsoft.PowerApps/apis/shared_office365","connectionName":"shared_office365","operationId":"SendEmailV2"},"parameters":{"emailMessage/To":"Patiwat.Suvachananon@microsoft.com","emailMessage/Subject":"Output : Vendor Invoice","emailMessage/Body":"<p>Vendor name : @{outputs('Process_and_save_information_from_forms')?['body/responsev2/predictionOutput/labels/Vendor_078724d2fff486f79aaf15bd1eca1333e/value']}<br>\nInvoice number : @{outputs('Process_and_save_information_from_forms')?['body/responsev2/predictionOutput/labels/Invoice_85149f36226f35d3c565e5f0daa1f797/value']}<br>\nInvoice amount  : @{outputs('Process_and_save_information_from_forms')?['body/responsev2/predictionOutput/labels/Invoice_ede93faf2ea1ffb0a532fd4d911b1cc6/value']}<br>\nInvoice date : @{outputs('Process_and_save_information_from_forms')?['body/responsev2/predictionOutput/labels/Invoice_2d2b151ab11da7f1fe4e154b2d3d7d6d/value']}</p>"},"authentication":"@parameters('$authentication')"}},"Create_Journal_Header":{"runAfter":{"Condition":["Succeeded"]},"type":"OpenApiConnection","inputs":{"host":{"apiId":"/providers/Microsoft.PowerApps/apis/shared_dynamicsax","connectionName":"shared_dynamicsax","operationId":"PostItem"},"parameters":{"dataset":"tech-1d0c41d51984305d8devaos.cloudax.dynamics.com","table":"VendInvoiceJournalHeaders","item/JournalName":"APInvoice","item/dataAreaId":"USMF","item/Description":"Vendor Invoice : @{triggerOutputs()?['headers/x-ms-file-name-encoded']}"},"authentication":"@parameters('$authentication')"}},"Create_Journal_Lines":{"runAfter":{"Create_Journal_Header":["Succeeded"]},"type":"OpenApiConnection","inputs":{"host":{"apiId":"/providers/Microsoft.PowerApps/apis/shared_dynamicsax","connectionName":"shared_dynamicsax","operationId":"PostItem"},"parameters":{"dataset":"tech-1d0c41d51984305d8devaos.cloudax.dynamics.com","table":"VendInvoiceJournalLines","item/JournalBatchNumber":"@outputs('Create_Journal_Header')?['body/JournalBatchNumber']","item/Currency":"USD","item/dataAreaId":"USMF","item/Credit":"@outputs('Process_and_save_information_from_forms')?['body/responsev2/predictionOutput/labels/Invoice_ede93faf2ea1ffb0a532fd4d911b1cc6/value']","item/OffsetAccountType":"Ledger","item/Document":"@outputs('Process_and_save_information_from_forms')?['body/responsev2/predictionOutput/labels/Invoice_85149f36226f35d3c565e5f0daa1f797/value']","item/InvoiceDate":"@outputs('Process_and_save_information_from_forms')?['body/responsev2/predictionOutput/labels/Invoice_2d2b151ab11da7f1fe4e154b2d3d7d6d/value']","item/AccountDisplayValue":"@outputs('Vendor_account')","item/OffsetAccountDisplayValue":"606300-001--","item/AccountType":"Vend","item/Invoice":"@outputs('Process_and_save_information_from_forms')?['body/responsev2/predictionOutput/labels/Invoice_85149f36226f35d3c565e5f0daa1f797/value']","item/Company":"USMF","item/Date":"@outputs('Process_and_save_information_from_forms')?['body/responsev2/predictionOutput/labels/Invoice_2d2b151ab11da7f1fe4e154b2d3d7d6d/value']"},"authentication":"@parameters('$authentication')"}},"Condition":{"actions":{"Vendor_account":{"runAfter":{},"type":"Compose","inputs":1001}},"runAfter":{"Process_and_save_information_from_forms":["Succeeded"]},"expression":{"equals":["@outputs('Process_and_save_information_from_forms')?['body/responsev2/predictionOutput/labels/Vendor_078724d2fff486f79aaf15bd1eca1333e/value']","ABC Company CO.,LTD."]},"type":"If"}}},"connectionReferences":{"shared_commondataserviceforapps":{"connectionName":"shared-commondataser-7e76d174-97a0-48ca-8967-833a-24319762","source":"Embedded","id":"/providers/Microsoft.PowerApps/apis/shared_commondataserviceforapps","tier":"NotSpecified"},"shared_office365":{"connectionName":"shared-office365-6f246451-c638-4268-9466-2d11aa8d5602","source":"Embedded","id":"/providers/Microsoft.PowerApps/apis/shared_office365","tier":"NotSpecified"},"shared_dynamicsax":{"connectionName":"shared-dynamicsax-124627ae-a550-4fc1-a5ce-6d34932bed19","source":"Embedded","id":"/providers/Microsoft.PowerApps/apis/shared_dynamicsax","tier":"NotSpecified"},"shared_onedriveforbusiness":{"connectionName":"74c2c520084c4fe389abf652173d72c5","source":"Embedded","id":"/providers/Microsoft.PowerApps/apis/shared_onedriveforbusiness","tier":"NotSpecified"}},"flowFailureAlertSubscribed":false}}