{"name":"2bf69ea7-6d67-4f49-886d-ab670270bed2","id":"/providers/Microsoft.Flow/flows/2bf69ea7-6d67-4f49-886d-ab670270bed2","type":"Microsoft.Flow/flows","properties":{"apiId":"/providers/Microsoft.PowerApps/apis/shared_logicflows","displayName":"Notify my team member when PO confirmed","definition":{"metadata":{"workflowEntityId":null,"flowclientsuspensionreason":"None","flowclientsuspensiontime":null,"creator":{"id":"74ccec96-4620-4c89-a66d-506877a61d3c","type":"User","tenantId":"72f988bf-86f1-41af-91ab-2d7cd011db47"},"provisioningMethod":"FromDefinition","failureAlertSubscription":true,"clientLastModifiedTime":"2020-08-22T04:56:32.5341291Z"},"$schema":"https://schema.management.azure.com/providers/Microsoft.Logic/schemas/2016-06-01/workflowdefinition.json#","contentVersion":"1.0.0.0","parameters":{"$connections":{"defaultValue":{},"type":"Object"},"$authentication":{"defaultValue":{},"type":"SecureObject"}},"triggers":{"When_a_Business_Event_occurs":{"type":"OpenApiConnectionWebhook","inputs":{"host":{"apiId":"/providers/Microsoft.PowerApps/apis/shared_dynamicsax","connectionName":"shared_dynamicsax","operationId":"SubscribeOnABusinessEvent"},"parameters":{"dataset":"tech-1d0c41d51984305d8devaos.cloudax.dynamics.com","businesseventcategory":"Purchase orders","businessevent":"PurchaseOrderConfirmedBusinessEvent","legalEntity":"USMF"},"authentication":"@parameters('$authentication')"}}},"actions":{"Parse_JSON":{"runAfter":{},"type":"ParseJson","inputs":{"content":"@triggerOutputs()?['body']","schema":{"type":"object","properties":{"BusinessEventId":{"type":"string"},"ControlNumber":{"type":"integer"},"EventId":{"type":"string"},"EventTime":{"type":"string"},"LegalEntity":{"type":"string"},"MajorVersion":{"type":"integer"},"MinorVersion":{"type":"integer"},"PurchaseJournal":{"type":"string"},"PurchaseOrderDate":{"type":"string"},"PurchaseOrderNumber":{"type":"string"},"PurchaseType":{"type":"string"},"TransactionCurrencyAmount":{"type":"integer"},"TransactionCurrencyCode":{"type":"string"},"VendorAccount":{"type":"string"}}}}},"Send_an_email_(V2)":{"runAfter":{"Parse_JSON":["Succeeded"]},"type":"OpenApiConnection","inputs":{"host":{"apiId":"/providers/Microsoft.PowerApps/apis/shared_office365","connectionName":"shared_office365","operationId":"SendEmailV2"},"parameters":{"emailMessage/To":"Patiwat.Suvachananon@microsoft.com","emailMessage/Subject":"PO no. @{body('Parse_JSON')?['PurchaseOrderNumber']} has been approved","emailMessage/Body":"<p>Dear Team,<br>\n<br>\nPO no. @{body('Parse_JSON')?['PurchaseOrderNumber']} has been approved, confirmation no. is @{body('Parse_JSON')?['PurchaseJournal']}. Vendor account is @{body('Parse_JSON')?['VendorAccount']} <br>\n<br>\nPlease take actions!<br>\n<br>\nThank you</p>"},"authentication":"@parameters('$authentication')"}}}},"connectionReferences":{"shared_dynamicsax":{"connectionName":"shared-dynamicsax-124627ae-a550-4fc1-a5ce-6d34932bed19","source":"Embedded","id":"/providers/Microsoft.PowerApps/apis/shared_dynamicsax","tier":"NotSpecified"},"shared_office365":{"connectionName":"shared-office365-6f246451-c638-4268-9466-2d11aa8d5602","source":"Embedded","id":"/providers/Microsoft.PowerApps/apis/shared_office365","tier":"NotSpecified"}},"flowFailureAlertSubscribed":false}}