{"name":"6693b59a-88b3-4483-8cd4-1e987ffc870b","id":"/providers/Microsoft.Flow/flows/6693b59a-88b3-4483-8cd4-1e987ffc870b","type":"Microsoft.Flow/flows","properties":{"apiId":"/providers/Microsoft.PowerApps/apis/shared_logicflows","displayName":"Create new Sales order when file created in OneDrive","definition":{"metadata":{"workflowEntityId":null,"flowclientsuspensionreason":"None","flowclientsuspensiontime":null,"creator":{"id":"74ccec96-4620-4c89-a66d-506877a61d3c","type":"User","tenantId":"72f988bf-86f1-41af-91ab-2d7cd011db47"},"provisioningMethod":"FromDefinition","failureAlertSubscription":true,"clientLastModifiedTime":"2020-08-24T11:19:35.2110071Z"},"$schema":"https://schema.management.azure.com/providers/Microsoft.Logic/schemas/2016-06-01/workflowdefinition.json#","contentVersion":"1.0.0.0","parameters":{"$connections":{"defaultValue":{},"type":"Object"},"$authentication":{"defaultValue":{},"type":"SecureObject"}},"triggers":{"When_a_file_is_created":{"recurrence":{"frequency":"Minute","interval":1},"metadata":{"b!NPh36LtfcUmY7M8wHu6UOZDdAhzHtQpIrrc2bGCyDQYd09YqnP77Sp41_bTPajIw.01UKHF2MRUNXALWKXET5GYYNCWNE7MSSQP":"/Temp/Solutions/Outlook-Excel-SalesOrder/Input"},"type":"OpenApiConnection","inputs":{"host":{"apiId":"/providers/Microsoft.PowerApps/apis/shared_onedriveforbusiness","connectionName":"shared_onedriveforbusiness","operationId":"OnNewFileV2"},"parameters":{"folderId":"b!NPh36LtfcUmY7M8wHu6UOZDdAhzHtQpIrrc2bGCyDQYd09YqnP77Sp41_bTPajIw.01UKHF2MRUNXALWKXET5GYYNCWNE7MSSQP","includeSubfolders":false,"inferContentType":true},"authentication":"@parameters('$authentication')"}}},"actions":{"List_rows_present_in_a_table":{"runAfter":{},"type":"OpenApiConnection","inputs":{"host":{"apiId":"/providers/Microsoft.PowerApps/apis/shared_excelonlinebusiness","connectionName":"shared_excelonlinebusiness","operationId":"GetItems"},"parameters":{"source":"me","drive":"b!NPh36LtfcUmY7M8wHu6UOZDdAhzHtQpIrrc2bGCyDQYd09YqnP77Sp41_bTPajIw","file":"@triggerOutputs()?['headers/x-ms-file-id']","table":"SalesOrder"},"authentication":"@parameters('$authentication')"}},"Parse_JSON":{"runAfter":{"List_rows_present_in_a_table":["Succeeded"]},"type":"ParseJson","inputs":{"content":"@outputs('List_rows_present_in_a_table')?['body']","schema":{"type":"object","properties":{"@@odata.context":{"type":"string"},"value":{"type":"array","items":{"type":"object","properties":{"@@odata.etag":{"type":"string"},"ItemInternalId":{"type":"string"},"Customer Account":{"type":"string"},"Invoice Account":{"type":"string"},"Customer Group":{"type":"string"},"Currency":{"type":"string"},"Language":{"type":"string"}},"required":["@@odata.etag","ItemInternalId","Customer Account","Invoice Account","Customer Group","Currency","Language"]}}}}}},"Apply_to_each":{"foreach":"@body('Parse_JSON')?['value']","actions":{"Create_record":{"runAfter":{},"type":"OpenApiConnection","inputs":{"host":{"apiId":"/providers/Microsoft.PowerApps/apis/shared_dynamicsax","connectionName":"shared_dynamicsax","operationId":"PostItem"},"parameters":{"dataset":"tech-1d0c41d51984305d8devaos.cloudax.dynamics.com","table":"SalesOrderHeadersV2","item/dataAreaId":"USMF","item/InvoiceCustomerAccountNumber":"@items('Apply_to_each')?['Invoice Account']","item/OrderingCustomerAccountNumber":"@items('Apply_to_each')?['Customer Account']","item/LanguageId":"@items('Apply_to_each')?['Language']","item/CurrencyCode":"@items('Apply_to_each')?['Currency']"},"authentication":"@parameters('$authentication')"}}},"runAfter":{"Parse_JSON":["Succeeded"]},"type":"Foreach"}},"description":"Create new Sales order when file created in OneDrive"},"connectionReferences":{"shared_excelonlinebusiness":{"connectionName":"shared-excelonlinebu-51987b39-66e0-48f2-99af-b007-a966e9a0","source":"Embedded","id":"/providers/Microsoft.PowerApps/apis/shared_excelonlinebusiness","tier":"NotSpecified"},"shared_onedriveforbusiness":{"connectionName":"74c2c520084c4fe389abf652173d72c5","source":"Embedded","id":"/providers/Microsoft.PowerApps/apis/shared_onedriveforbusiness","tier":"NotSpecified"},"shared_dynamicsax":{"connectionName":"shared-dynamicsax-124627ae-a550-4fc1-a5ce-6d34932bed19","source":"Embedded","id":"/providers/Microsoft.PowerApps/apis/shared_dynamicsax","tier":"NotSpecified"}},"flowFailureAlertSubscribed":false}}