{"name":"75265b1f-9128-40e6-801c-1e5635290268","id":"/providers/Microsoft.Flow/flows/75265b1f-9128-40e6-801c-1e5635290268","type":"Microsoft.Flow/flows","properties":{"apiId":"/providers/Microsoft.PowerApps/apis/shared_logicflows","displayName":"Save Office 365 email attachments to OneDrive for Business","definition":{"metadata":{"workflowEntityId":null,"flowclientsuspensionreason":"None","flowclientsuspensiontime":null,"creator":{"id":"74ccec96-4620-4c89-a66d-506877a61d3c","type":"User","tenantId":"72f988bf-86f1-41af-91ab-2d7cd011db47"},"provisioningMethod":"FromDefinition","failureAlertSubscription":true,"clientLastModifiedTime":"2020-08-24T11:26:23.9693161Z"},"$schema":"https://schema.management.azure.com/providers/Microsoft.Logic/schemas/2016-06-01/workflowdefinition.json#","contentVersion":"1.0.0.0","parameters":{"$connections":{"defaultValue":{},"type":"Object"},"$authentication":{"defaultValue":{},"type":"SecureObject"}},"triggers":{"On_new_email":{"recurrence":{"frequency":"Minute","interval":1},"splitOn":"@triggerOutputs()?['body/value']","type":"OpenApiConnection","inputs":{"host":{"apiId":"/providers/Microsoft.PowerApps/apis/shared_office365","connectionName":"shared_office365","operationId":"OnNewEmailV3"},"parameters":{"folderPath":"Inbox","includeAttachments":true,"subjectFilter":"-SalesOrder-","importance":"Normal","fetchOnlyWithAttachment":true},"authentication":"@parameters('$authentication')"}}},"actions":{"Apply_to_each_Attachment_on_the_email":{"foreach":"@triggerOutputs()?['body/attachments']","actions":{"Create_file":{"runAfter":{},"type":"OpenApiConnection","inputs":{"host":{"apiId":"/providers/Microsoft.PowerApps/apis/shared_onedriveforbusiness","connectionName":"shared_onedriveforbusiness","operationId":"CreateFile"},"parameters":{"folderPath":"/Temp/Solutions/Outlook-Excel-SalesOrder/Input","name":"@items('Apply_to_each_Attachment_on_the_email')?['name']","body":"@items('Apply_to_each_Attachment_on_the_email')?['contentBytes']"},"authentication":"@parameters('$authentication')"},"runtimeConfiguration":{"contentTransfer":{"transferMode":"Chunked"}}},"Condition":{"actions":{"Delay":{"runAfter":{},"type":"Wait","inputs":{"interval":{"count":30,"unit":"Second"}}},"Create_file_retry":{"runAfter":{"Delay":["Succeeded"]},"type":"OpenApiConnection","inputs":{"host":{"apiId":"/providers/Microsoft.PowerApps/apis/shared_onedriveforbusiness","connectionName":"shared_onedriveforbusiness","operationId":"CreateFile"},"parameters":{"folderPath":"/Temp/Solutions/Outlook-Excel-SalesOrder/Input","name":"@items('Apply_to_each_Attachment_on_the_email')?['name']","body":"@items('Apply_to_each_Attachment_on_the_email')?['contentBytes']"},"authentication":"@parameters('$authentication')"},"runtimeConfiguration":{"contentTransfer":{"transferMode":"Chunked"}}}},"runAfter":{"Create_file":["Failed"]},"expression":{"equals":["@equals(int(actionOutputs('Create_file').statusCode), 409)","@true"]},"type":"If"}},"runAfter":{},"type":"Foreach"}},"outputs":{},"description":"Now you can have easy access to your Office 365 email attachments from OneDrive for Business. All attachments sent to your Office 365 inbox will be saved in a folder called Email attachments from Flow."},"connectionReferences":{"shared_onedriveforbusiness":{"connectionName":"74c2c520084c4fe389abf652173d72c5","source":"Embedded","id":"/providers/Microsoft.PowerApps/apis/shared_onedriveforbusiness","tier":"NotSpecified"},"shared_office365":{"connectionName":"shared-office365-6f246451-c638-4268-9466-2d11aa8d5602","source":"Embedded","id":"/providers/Microsoft.PowerApps/apis/shared_office365","tier":"NotSpecified"}},"flowFailureAlertSubscribed":false}}