{"schemaVersion":"1.0","appDefinitionTemplate":{"id":"/providers/Microsoft.PowerApps/apps/","type":"Microsoft.PowerApps/apps","tags":{"primaryDeviceWidth":"640","primaryDeviceHeight":"1136","sienaVersion":"20200921T144203Z-3.20092.39.0","deviceCapabilities":"","supportsPortrait":"true","supportsLandscape":"false","primaryFormFactor":"Phone","publisherVersion":"3.20092.39","minimumRequiredApiVersion":"2.2.0","hasComponent":"false","hasUnlockedComponent":"false","isUnifiedRootApp":"false"},"properties":{"appVersion":"2020-09-21T14:42:03Z","lifeCycleId":"Published","createdByClientVersion":{"major":3,"minor":20092,"build":39,"revision":0,"majorRevision":0,"minorRevision":0},"minClientVersion":{"major":3,"minor":20092,"build":39,"revision":0,"majorRevision":0,"minorRevision":0},"backgroundColor":"rgba(0, 176, 240, 1)","backgroundImageUri":"/1340226401558487017/Nf8c749fc-cfa0-4495-9fa7-312e6032619b-logoSmallFile","displayName":"PS_App","description":"","commitMessage":"","appUris":{"documentUri":{"value":"/1340226401558487017/N45d9c83d-8239-438a-b1f3-e2edae573a29-document.msapp","readonlyValue":"/1340226401558487017/N45d9c83d-8239-438a-b1f3-e2edae573a29-document.msapp"},"imageUris":[]},"createdTime":"0001-01-01T00:00:00Z","lastModifiedTime":"0001-01-01T00:00:00Z","sharedGroupsCount":0,"sharedUsersCount":0,"icons":{"smallIconUri":"/1340226401558487017/Nfa92169f-1e8e-461c-84c3-5e99b25005ad-small.png","mediumIconUri":"/1340226401558487017/Nd73b0ed6-ca6b-434f-a9b5-b1f3127f7037-medium.png","largeIconUri":"/1340226401558487017/Nab7df652-da1e-4bfa-80d6-c5204827115c-large.png","wideIconUri":"/1340226401558487017/N560d676f-ab93-4bea-b965-bf4175bd93d8-wide.png"},"connectionReferences":{"15e7c9ad-19b3-4606-8407-1cffb7e0c327":{"id":"44c16b51-4e8e-4ffc-ae1b-7242ebba3607","displayName":"Logic flows","iconUri":"https://resourcestackdeploy.blob.core.windows.net/scripts/13276078.png","dataSources":["Gettrackingstatus"],"dependencies":["79807969-d51a-49ca-ad04-edc53376aa5e"],"dependents":[],"parameterHints":{"workflowName":{"value":"a9355be0-946a-45f7-b349-ea011d3902db"},"79807969-d51a-49ca-ad04-edc53376aa5e":{"value":"shared_office365"}},"isOnPremiseConnection":false,"bypassConsent":false,"dataSets":{},"apiTier":"Standard","isCustomApiConnection":false},"79807969-d51a-49ca-ad04-edc53376aa5e":{"id":"f84a2862-e6cd-413b-8c59-8a33b7f7b2d3","displayName":"Office 365 Outlook","iconUri":"https://connectoricons-prod.azureedge.net/releases/v1.0.1395/1.0.1395.2145/office365/icon.png","dataSources":[],"dependencies":[],"dependents":["15e7c9ad-19b3-4606-8407-1cffb7e0c327"],"parameterHints":{},"isOnPremiseConnection":false,"bypassConsent":false,"dataSets":{},"apiTier":"Standard","isCustomApiConnection":false}},"databaseReferences":{},"almMode":"Environment","performanceOptimizationEnabled":true,"canConsumeAppPass":true},"isAppComponentLibrary":false,"appType":"ClassicCanvasApp","appComponents":[]}}